Time,fundamental_dis,fundamental_freq,3rd_dis,3rd_freq,5th_dis,5th_freq,7th_dis,7th_freq,9th_dis,9th_freq,11th_dis,11th_freq,13th_dis,13th_freq,Temp
5.0599956,0.0002619360795731,5001554.05317117,6.50908212949951e-06,14991215.1297498,1.68376326957122e-05,24981119.4332644,2.86648549182829e-05,34967858.3838954,4.45011080502488e-05,44963398.0439723,2.22752218665272e-05,54956094.5504931,3.3440817463891e-05,64945980.4392845,24.9937648773193
5.0300473,0.0002619248244376,5001555.21829771,6.50369685280334e-06,14991215.9503854,1.69389774368821e-05,24981121.5096986,2.86046195149081e-05,34967862.6186392,4.43204267156311e-05,44963405.6206973,2.22250644185235e-05,54956098.6851364,3.32356699253617e-05,64945989.5873091,25.0075359344482
10.0899926,0.0002619611268447,5001555.33381339,6.49954421991513e-06,14991216.0522529,1.69656168591326e-05,24981122.4571227,2.85935880412437e-05,34967863.0053578,4.43300908857782e-05,44963406.1036229,2.22331839929708e-05,54956099.4530191,3.32258254982557e-05,64945988.334363,24.9994831085205
15.1399944,0.0002619507391632,5001555.34462973,6.50742469807662e-06,14991216.0433495,1.69940147889145e-05,24981122.6119118,2.85732749540202e-05,34967863.031323,4.42455539548594e-05,44963407.3985242,2.22294580418384e-05,54956099.5391506,3.3186444603527e-05,64945989.6127019,25.0152931213379
20.1980186,0.0002619519674766,5001555.43491035,6.50107878442931e-06,14991216.1567289,1.70364599113687e-05,24981122.776102,2.85813698528946e-05,34967863.1981068,4.42218676669073e-05,44963406.4361025,2.2246868384047e-05,54956099.783926,3.32262291432777e-05,64945988.1553371,25.0238800048828
25.2480154,0.0002619325657719,5001555.54554907,6.49701357997167e-06,14991216.1193034,1.70479341890856e-05,24981122.8653651,2.85828647092404e-05,34967863.3049887,4.42040196127656e-05,44963407.5063031,2.22418308312243e-05,54956100.3326791,3.32110115879215e-05,64945989.5027942,25.0006446838379
30.2980597,0.0002619164823699,5001555.64889114,6.50103066328464e-06,14991216.191088,1.70875789594662e-05,24981123.1249762,2.85595786318459e-05,34967863.8474144,4.4247678842686e-05,44963408.1247282,2.22309203104438e-05,54956100.7007245,3.32305424585426e-05,64945989.491427,24.9894180297852
35.3580089,0.0002619918625197,5001555.76457215,6.4969638384866e-06,14991216.2168912,1.71070694566315e-05,24981123.1953683,2.85708196176281e-05,34967863.8854738,4.41330354895241e-05,44963409.1979951,2.22341417681507e-05,54956101.1094246,3.32246546627771e-05,64945989.9326779,24.9966640472412
40.4080052,0.0002619957816678,5001555.85154871,6.4974355724437e-06,14991216.2428707,1.71468467915322e-05,24981123.2654671,2.85626069223779e-05,34967863.9751434,4.41369815235185e-05,44963410.0075208,2.22209887743929e-05,54956101.7709214,3.31539848805656e-05,64945991.7657036,25.0153293609619
45.4580025,0.0002619008258976,5001555.79789993,6.49448479555103e-06,14991216.2941883,1.71525893633988e-05,24981123.382835,2.85537415472248e-05,34967863.9527983,4.4160886715651e-05,44963410.4479783,2.22213588532642e-05,54956101.5627433,3.3161674753091e-05,64945990.7772308,25.014045715332
50.4980178,0.0002619757089903,5001555.91009757,6.50103968697752e-06,14991216.2795702,1.71714684196118e-05,24981123.4416953,2.85436564037732e-05,34967864.3342137,4.41158638270081e-05,44963410.4774704,2.22360106326064e-05,54956101.7210971,3.31367670008911e-05,64945992.9280709,24.9992904663086
55.5579977,0.0002619613523775,5001555.9730337,6.49938970376353e-06,14991216.2697529,1.71625838433022e-05,24981123.7195831,2.85405718049532e-05,34967864.473759,4.40849193631957e-05,44963410.9588873,2.22200867903246e-05,54956102.0893037,3.31331235747132e-05,64945992.1527236,24.98903465271
64.2579906,0.0002619752363177,5001556.01842953,6.51319138626492e-06,14991216.3030656,1.71832541648981e-05,24981123.4618081,2.85431533429468e-05,34967864.5667419,4.41319464694678e-05,44963410.9493941,2.22081185339256e-05,54956102.189145,3.31023540475175e-05,64945994.5139532,24.9945755004883
69.2882053,0.0002619188729375,5001556.22164511,6.49879621148392e-06,14991216.5229174,1.72021298958503e-05,24981124.0060555,2.85403016510229e-05,34967864.8102579,4.40687428652134e-05,44963411.0220344,2.22001797061507e-05,54956102.8871312,3.31698634882717e-05,64945993.1177967,25.0027885437012
74.3380218,0.000261955775059,5001556.20500375,6.5131116989574e-06,14991216.4026228,1.72413242628018e-05,24981124.0970588,2.85391892145672e-05,34967864.8625672,4.4134281915513e-05,44963411.4954385,2.22191124163511e-05,54956102.7941826,3.31441879939207e-05,64945992.8088,24.9922142028809
79.3859073,0.0002619250705581,5001556.27529397,6.50991903488128e-06,14991216.3575845,1.72609732251058e-05,24981123.9680296,2.85424445785422e-05,34967864.9764219,4.41064998694082e-05,44963411.4492824,2.22263991673315e-05,54956103.0348994,3.31197324240218e-05,64945994.3108797,24.9975891113281
84.4459172,0.0002619179710445,5001556.49670877,6.51113727809987e-06,14991216.3600783,1.72903701112322e-05,24981124.1275267,2.85393812420529e-05,34967864.9048105,4.41151451062489e-05,44963411.3541382,2.22201682958047e-05,54956102.7506513,3.31633874012947e-05,64945993.1452046,25.0126781463623
89.4958997,0.0002619918724329,5001556.4663491,6.5010693585483e-06,14991216.391154,1.7311289800096e-05,24981124.1975013,2.85323558337463e-05,34967864.899084,4.40728659916256e-05,44963410.582804,2.2214085706066e-05,54956102.9401185,3.31393422451011e-05,64945992.4225808,25.0124282836914
94.775898,0.0002619459557965,5001556.54548831,6.48013676518947e-06,14991216.6041913,1.73333046908206e-05,24981124.2416388,2.85306763409408e-05,34967864.8980681,4.40748216760995e-05,44963411.3567701,2.22170221249428e-05,54956102.8375911,3.30650162275399e-05,64945993.440685,25.0053482055664
100.0458934,0.000261906330099,5001556.58519992,6.47325449380404e-06,14991216.5428137,1.73381025511629e-05,24981124.6976712,2.85283658312715e-05,34967865.0075569,4.41230258217842e-05,44963411.6504459,2.22210359260953e-05,54956102.8729963,3.31355353947873e-05,64945992.5730939,25.0052089691162
105.0828714,0.000261953509551,5001556.74428942,6.47451584214943e-06,14991216.5767871,1.73284573886125e-05,24981124.1932699,2.85353206671216e-05,34967865.1270021,4.40465302610464e-05,44963411.4629208,2.21995699230539e-05,54956103.2535319,3.30986999710011e-05,64945993.8887058,24.9936676025391
110.1131415,0.0002619100487033,5001556.6158879,6.47401563497119e-06,14991216.5789914,1.73446499732242e-05,24981124.302939,2.85277071329831e-05,34967865.1829294,4.40256216512939e-05,44963412.3756742,2.21827431546453e-05,54956103.1855802,3.31039057036945e-05,64945994.9033619,24.9958324432373
115.1609417,0.0002619113874741,5001556.69468493,6.47063707824321e-06,14991216.5656261,1.73677632725542e-05,24981124.4058355,2.85354712408126e-05,34967865.2739176,4.40140823119384e-05,44963412.422817,2.22116237196642e-05,54956102.7075973,3.30935965400115e-05,64945994.9571503,25.010066986084
120.2128681,0.0002619091171602,5001556.75893226,6.47224988932791e-06,14991216.5127055,1.737124763648e-05,24981124.2648828,2.85119462064369e-05,34967865.3021915,4.40017917232055e-05,44963413.0891774,2.21475588935054e-05,54956101.9525935,3.31179989791317e-05,64945993.6235534,25.0078296661377
125.2646324,0.0002618772688995,5001556.82031179,6.47397759534704e-06,14991216.4975913,1.73635831226792e-05,24981124.3324484,2.85209097430717e-05,34967865.4192198,4.39973573894127e-05,44963412.4543097,2.21552070952173e-05,54956102.5276611,3.31005414970874e-05,64945995.8806338,24.9986476898193
130.3095164,0.000261906967815,5001556.88898623,6.47924405051712e-06,14991216.4898471,1.73834159392012e-05,24981123.914768,2.85077895170318e-05,34967865.3269691,4.40789304629431e-05,44963411.8898602,2.21681655490057e-05,54956102.2440999,3.30902048299247e-05,64945995.7055459,25.0004825592041
135.3645537,0.000261906274179,5001556.87288845,6.50397826141015e-06,14991216.4903611,1.73920546334049e-05,24981123.9374994,2.8524417904884e-05,34967865.5300288,4.40639094570632e-05,44963412.7221509,2.2143283515076e-05,54956102.1110814,3.31033336098171e-05,64945995.6906492,25.0048122406006
140.4162682,0.0002618908555115,5001556.94322367,6.50947411510769e-06,14991216.5630183,1.73904575649438e-05,24981124.1822545,2.85089868081387e-05,34967865.571446,4.40306351607275e-05,44963413.2536004,2.21441811369703e-05,54956102.4580738,3.30943238452008e-05,64945994.9403888,25.0006313323975
145.4594041,0.0002619231644066,5001557.05033332,6.50992105688911e-06,14991216.6202831,1.74229810871084e-05,24981123.9922585,2.8508021916548e-05,34967865.6870104,4.39669011638805e-05,44963413.0999753,2.21355961904419e-05,54956102.5526245,3.30940457280829e-05,64945994.8888957,24.9911327362061
150.499909,0.0002619292207567,5001557.22281884,6.50828791752413e-06,14991216.6869906,1.74100294034328e-05,24981124.1648237,2.85046736784052e-05,34967865.6658275,4.40060246726215e-05,44963413.1132826,2.21588693291023e-05,54956102.3268953,3.30583959089427e-05,64945995.4536946,24.9856567382813
155.5428972,0.0002618931563124,5001557.19916999,6.50534582067737e-06,14991216.6739542,1.74186715637306e-05,24981124.1509986,2.84987286093834e-05,34967865.5301486,4.4017979719929e-05,44963414.1098871,2.21830868431009e-05,54956102.4187011,3.31655213164418e-05,64945996.0063647,25.0051536560059
160.5885501,0.0002618734851511,5001557.22248365,6.50360180135391e-06,14991216.6470764,1.74204541497217e-05,24981124.3305615,2.85127005184411e-05,34967865.6359345,4.40452200297897e-05,44963412.734269,2.21382458083862e-05,54956102.6718116,3.30415411400295e-05,64945995.695462,25.0059852600098
165.6422301,0.0002619393652224,5001557.25437717,6.50366078652302e-06,14991216.6531993,1.74302436614474e-05,24981123.9546457,2.85149722739256e-05,34967865.6386699,4.40390606444216e-05,44963411.82126,2.21277188691724e-05,54956102.6454973,3.30414617898192e-05,64945994.7720455,25.0089778900146
170.6879074,0.0002618930309871,5001557.36960842,6.50030964911086e-06,14991216.654191,1.74301888761154e-05,24981123.9754359,2.85082028622189e-05,34967865.718834,4.40368371606652e-05,44963411.3228896,2.20963239974665e-05,54956102.6579226,3.30877985486526e-05,64945994.6834706,24.9981994628906
175.7429355,0.0002618971245892,5001557.32812549,6.50421131106975e-06,14991216.6445296,1.74305619345342e-05,24981123.7734101,2.84972398964288e-05,34967865.5287786,4.39476228659274e-05,44963412.0495261,2.214679169122e-05,54956102.7991522,3.30480409141762e-05,64945995.8984526,25.000940322876
180.7925048,0.0002618934251387,5001557.3666599,6.50113724931149e-06,14991216.6197909,1.74398883810056e-05,24981123.7798008,2.85026449285088e-05,34967865.6539975,4.39319498463617e-05,44963412.1096912,2.21516801354992e-05,54956102.7778657,3.31038144431794e-05,64945995.0904133,25.0021324157715
185.8444318,0.0002619122624659,5001557.44522229,6.49707731277664e-06,14991216.6282506,1.7451901469426e-05,24981123.9831876,2.84909290150702e-05,34967865.755058,4.39743171714685e-05,44963412.1816195,2.21413465271069e-05,54956103.0217298,3.30424673686467e-05,64945997.0333405,25.0035514831543
190.8988622,0.0002618452484936,5001557.46048361,6.49980700186483e-06,14991216.6102786,1.74724092502586e-05,24981123.7740415,2.84984402125115e-05,34967865.648259,4.39694207454219e-05,44963412.3659595,2.21579702219806e-05,54956102.9423502,3.30735611145978e-05,64945996.8195555,25.0017833709717
195.9507078,0.0002618251445638,5001557.45649107,6.500182349987e-06,14991216.6309064,1.74774921744898e-05,24981123.9267067,2.84863242363045e-05,34967865.7544751,4.39509197865447e-05,44963412.8488268,2.21514167491027e-05,54956103.0694395,3.30317727247957e-05,64945996.4927943,25.003963470459
200.9851726,0.0002618680377434,5001557.5456546,6.50279342928911e-06,14991216.6289397,1.74908597046523e-05,24981123.7573441,2.85136773949459e-05,34967865.7518921,4.39976524461572e-05,44963412.2628716,2.21380731020232e-05,54956103.1608266,3.30782217434036e-05,64945995.913003,24.9990768432617
206.0316236,0.0002618558271016,5001557.38256599,6.49928005825976e-06,14991216.6112926,1.74974989595585e-05,24981123.9592662,2.84979929098234e-05,34967865.8320067,4.39979538233936e-05,44963412.7728385,2.21172366991678e-05,54956103.1306796,3.30119149741953e-05,64945996.4648493,24.9990253448486
211.0721719,0.000261919923836,5001557.47517343,6.50068767066591e-06,14991216.6186452,1.7494430952741e-05,24981123.6979962,2.84975018536614e-05,34967865.5297907,4.39370574272012e-05,44963412.1137566,2.20196022777804e-05,54956103.022396,3.30455609844316e-05,64945995.6406148,25.0023994445801
216.126247,0.0002618730663624,5001557.48578589,6.49526083750655e-06,14991216.6067539,1.74909481324633e-05,24981123.5552933,2.84972480104109e-05,34967865.6432296,4.39793604873896e-05,44963412.7293242,2.20111562778146e-05,54956103.153892,3.30672589277464e-05,64945995.472521,24.9996871948242
221.1644196,0.0002618596128903,5001557.59000774,6.4968140075849e-06,14991216.583133,1.74789068701765e-05,24981123.6503356,2.84913150914873e-05,34967865.778751,4.39891606227175e-05,44963412.7559413,2.20050919228568e-05,54956103.2285736,3.29883716703193e-05,64945996.3748366,25.0072021484375
226.2127973,0.0002618306136382,5001557.6010232,6.49591394703049e-06,14991216.6088573,1.75075951503319e-05,24981123.7049331,2.85000112416431e-05,34967865.7211771,4.39626532450211e-05,44963412.0603426,2.20048061840169e-05,54956102.7029883,3.3062762572226e-05,64945996.1281556,24.9905529022217
231.2537386,0.0002618613057681,5001557.56025009,6.49732599764255e-06,14991216.5718828,1.75047859954844e-05,24981123.3840222,2.84917586488226e-05,34967865.6830052,4.39620235734251e-05,44963412.6672637,2.19995211768615e-05,54956103.2916009,3.30452616636477e-05,64945995.5044602,25.0023880004883
236.2995355,0.0002618927653618,5001557.59476108,6.49566703429222e-06,14991216.5623856,1.75097950349834e-05,24981123.5771512,2.84935451025091e-05,34967865.6970342,4.39659470157728e-05,44963412.7316436,2.20004758945051e-05,54956103.0210147,3.30643614376968e-05,64945996.2527911,25.0121059417725
241.3545286,0.00026180539977,5001557.72817082,6.49674776719514e-06,14991216.5226317,1.75115546861413e-05,24981123.3957854,2.85026045445118e-05,34967865.466303,4.39063212778682e-05,44963412.8154128,2.20093576439058e-05,54956103.3541423,3.30250796642635e-05,64945994.4996865,25.0031700134277
246.3994547,0.000261888489507,5001557.80763361,6.49571074711299e-06,14991216.5310191,1.75538864906991e-05,24981123.5816205,2.84923098738838e-05,34967865.6840195,4.39030638834602e-05,44963412.1611652,2.20214020049531e-05,54956102.6579616,3.309311180175e-05,64945995.2467161,24.9994277954102
251.4584699,0.000261846073906,5001557.72989499,6.49516419919223e-06,14991216.5056272,1.75143071157517e-05,24981123.6843478,2.84854867005638e-05,34967865.6545906,4.3949540499655e-05,44963412.7117017,2.20100488853445e-05,54956102.9627096,3.30591975724434e-05,64945993.9783967,24.9876613616943
256.5131398,0.0002618424500313,5001557.78953429,6.4985670520044e-06,14991216.4866193,1.75582146923742e-05,24981123.733138,2.84876865371967e-05,34967865.6018912,4.39154925850569e-05,44963412.6633638,2.19850865939057e-05,54956103.0716389,3.30858335384707e-05,64945995.6909191,25.0095825195313
261.5617769,0.0002617671890869,5001557.7144737,6.49595024817187e-06,14991216.4713002,1.75552539120602e-05,24981123.6274743,2.84892355295175e-05,34967865.6524105,4.39452593496768e-05,44963413.2795811,2.19932564074567e-05,54956103.0134489,3.30411430232365e-05,64945996.2587875,25.0063152313232
266.6148785,0.000261864142308,5001557.85409948,6.49444259118823e-06,14991216.4565105,1.75532407324283e-05,24981123.5551869,2.85052318789205e-05,34967865.5853858,4.39581361926169e-05,44963413.026356,2.20119440745747e-05,54956103.1368409,3.30195729943917e-05,64945995.2638486,25.0118198394775
271.6695585,0.0002618544768587,5001557.9133859,6.49680580240304e-06,14991216.4614026,1.75746673841416e-05,24981123.4372151,2.84805914238673e-05,34967865.6024448,4.39275054508578e-05,44963412.9947875,2.2015794562172e-05,54956102.7720867,3.3008625665893e-05,64945995.8936886,24.9924983978271
276.7280821,0.0002618463750368,5001557.88936851,6.49688965323424e-06,14991216.4588122,1.75967966538809e-05,24981123.5980446,2.84809133224306e-05,34967865.7004577,4.39109512865558e-05,44963412.7256547,2.19982412475599e-05,54956103.2602308,3.30455838661512e-05,64945998.0014953,24.9947071075439
281.7816748,0.000261858875552,5001557.88975269,6.49565316119354e-06,14991216.4612866,1.75917019672144e-05,24981123.7429515,2.84742442395648e-05,34967865.7110175,4.38977657334159e-05,44963412.5168476,2.19984678057774e-05,54956103.3498739,3.30816993696804e-05,64945996.2788914,25.0030002593994
286.8459932,0.0002618331426151,5001557.99643589,6.4990117341163e-06,14991216.4332609,1.76130405315607e-05,24981123.7704492,2.84795224460587e-05,34967865.7102447,4.39580420409539e-05,44963413.9176301,2.19907903831917e-05,54956103.2890151,3.30463260902612e-05,64945995.7357744,25.0058670043945
291.8933931,0.0002617528631012,5001558.07567886,6.49808529215833e-06,14991216.4159214,1.76008442408759e-05,24981123.6071081,2.84790975283794e-05,34967865.6712321,4.39102519795801e-05,44963412.8078629,2.20046040684312e-05,54956103.1402382,3.30393825799421e-05,64945996.6320444,24.9908790588379
296.9321464,0.000261802617026,5001557.99886725,6.49900848059216e-06,14991216.4433107,1.76063774414658e-05,24981123.6498308,2.84722489460319e-05,34967865.6046183,4.39117197279907e-05,44963412.9811075,2.19870194145511e-05,54956102.9661623,3.30289617200046e-05,64945994.9503848,24.9963245391846
301.9755669,0.0002617829889151,5001558.03654447,6.49494008146202e-06,14991216.4102251,1.76074453082036e-05,24981123.7832522,2.84613199472097e-05,34967865.4884494,4.38859784742958e-05,44963413.142847,2.20039058905237e-05,54956103.5212398,3.30224980729939e-05,64945996.1710672,25.0009498596191
307.0255621,0.0002618184235137,5001558.10538732,6.49693755143094e-06,14991216.4185785,1.7599132902984e-05,24981123.4981174,2.84790244487039e-05,34967865.4723959,4.39078820513294e-05,44963413.9314835,2.20021740239137e-05,54956103.2237053,3.30249837017962e-05,64945995.8307678,25.0073928833008
312.0855611,0.0002617830613011,5001558.17983175,6.49641348288143e-06,14991216.4053753,1.75829614849208e-05,24981123.6118397,2.84747833682356e-05,34967865.4372913,4.38677642751993e-05,44963413.5148528,2.19972561661029e-05,54956102.6041649,3.30619460844198e-05,64945997.070666,25.0015125274658
317.135556,0.0002617529747439,5001558.23377667,6.49718051680789e-06,14991216.3650998,1.75848372866244e-05,24981123.6099004,2.8483008246032e-05,34967865.4326943,4.39185011156406e-05,44963412.6545973,2.20050896893135e-05,54956102.6282217,3.30076479834453e-05,64945995.6089538,25.0099830627441
322.1755893,0.0002617587310883,5001558.16921028,6.49821429738194e-06,14991216.3563872,1.76183862363969e-05,24981123.6898846,2.84687556395787e-05,34967865.4273591,4.39297302873627e-05,44963413.103219,2.2013337513939e-05,54956102.4578921,3.29602072059327e-05,64945995.8226079,24.9974021911621
327.2255534,0.0002617837336912,5001558.22426994,6.49865392523112e-06,14991216.3666341,1.760049458672e-05,24981123.5800612,2.84801422222183e-05,34967865.3568009,4.38526170202172e-05,44963413.3653264,2.19869203735199e-05,54956102.7082884,3.3054698860228e-05,64945996.0603707,25.0082740783691
332.2755861,0.0002617928301796,5001558.28430647,6.49879061488766e-06,14991216.3431585,1.75956822867714e-05,24981123.476665,2.8481508947008e-05,34967865.518088,4.39169444614573e-05,44963413.6890148,2.20014873500199e-05,54956102.5574578,3.30325338926138e-05,64945996.5644121,24.996618270874
337.3355464,0.000261778393512,5001558.22368282,6.49769326297356e-06,14991216.3331213,1.76101537917189e-05,24981123.56852,2.84735968864608e-05,34967865.3263572,4.39004822382359e-05,44963412.9105352,2.19987691773844e-05,54956102.2960688,3.30108513149103e-05,64945996.1372195,25.0000534057617
342.3855405,0.0002618005731602,5001558.38677444,6.49826404116617e-06,14991216.326008,1.7598038576774e-05,24981123.5383119,2.84660191628043e-05,34967865.4693191,4.38961691953099e-05,44963412.8530714,2.19878393597052e-05,54956102.7563342,3.30238618905373e-05,64945997.3600471,24.9853000640869
347.4355373,0.0002617565020453,5001558.39759844,6.49779494283084e-06,14991216.3022702,1.76036277403101e-05,24981123.7790751,2.84662196970866e-05,34967865.2869444,4.39048461051692e-05,44963413.1499346,2.20065557552714e-05,54956102.8046991,3.30451607985303e-05,64945995.2930879,24.9920120239258
352.4855337,0.0002617687063663,5001558.38965421,6.49585300002104e-06,14991216.2778724,1.76233689339669e-05,24981123.7000926,2.84614300884866e-05,34967865.2961712,4.39117074642453e-05,44963413.231427,2.19895611556832e-05,54956102.77324,3.30070354879097e-05,64945996.8363847,24.9943752288818
357.5455588,0.0002617586669906,5001558.35289054,6.49979305491816e-06,14991216.2672874,1.76182034856842e-05,24981123.6631478,2.84646298372066e-05,34967865.1221498,4.39070148761197e-05,44963413.2788801,2.19767920535234e-05,54956102.8735248,3.29850601332792e-05,64945997.2946738,25.0085144042969
362.6055286,0.0002617400688665,5001558.52798704,6.49756799643185e-06,14991216.2556544,1.7607664263711e-05,24981123.4333608,2.84654047151656e-05,34967865.246986,4.38513825645879e-05,44963413.6273569,2.19752036637391e-05,54956103.0025761,3.30773882286956e-05,64945995.1074322,25.0019302368164
367.645523,0.0002617277382301,5001558.43975839,6.49822824330364e-06,14991216.2460089,1.76507894055892e-05,24981123.3694597,2.84571218295553e-05,34967865.0906043,4.39052547259559e-05,44963413.0541701,2.19898414455389e-05,54956102.4372379,3.30064957757e-05,64945996.4024625,24.993896484375
372.8355226,0.0002617916596214,5001558.55663987,6.49771100614436e-06,14991216.2178301,1.7676003841858e-05,24981123.4303086,2.84568854625931e-05,34967865.0350895,4.38553522910884e-05,44963413.206214,2.19931287007954e-05,54956102.4447318,3.29922815058733e-05,64945997.174904,24.9994487762451
377.885516,0.0002616882145649,5001558.5641807,6.49598004883537e-06,14991216.1988516,1.7650080545738e-05,24981123.8483349,2.84678621633078e-05,34967865.0535024,4.38913003486011e-05,44963413.7110538,2.20037580843953e-05,54956102.213862,3.30049182270387e-05,64945995.7785551,24.9965744018555
382.9455141,0.0002616802118881,5001558.54385154,6.49416909218438e-06,14991216.1638482,1.76525234176902e-05,24981123.2098993,2.8463492826095e-05,34967864.9711197,4.38941438536597e-05,44963413.1845089,2.19943526460613e-05,54956102.3764369,3.30629965288315e-05,64945995.04163,24.9938621520996
388.1255096,0.0002617194276331,5001558.53173304,6.4968707340769e-06,14991216.1375998,1.76503471380021e-05,24981123.1551331,2.84528636994782e-05,34967865.0820064,4.38784250255702e-05,44963413.5880973,2.19921764342586e-05,54956102.5225632,3.30165678188943e-05,64945997.3878786,24.9960918426514
393.1855067,0.000261665929203,5001558.67236746,6.49734706230188e-06,14991216.151934,1.76496800868806e-05,24981123.5034834,2.84587122580901e-05,34967865.0493198,4.38738130032179e-05,44963413.2260913,2.19902955306527e-05,54956102.2529801,3.30064058727345e-05,64945996.4017033,24.9964694976807
398.9421241,0.0002617656192842,5001558.59279524,6.49856730272118e-06,14991216.0963052,1.76533606320798e-05,24981123.3546676,2.84598607726128e-05,34967864.8663079,4.38602050725025e-05,44963413.2911341,2.19942185423524e-05,54956102.0882209,3.29594985624885e-05,64945997.5055721,24.9994602203369
403.9863055,0.0002617413471268,5001558.61276889,6.4976514036559e-06,14991216.0857371,1.76549490779327e-05,24981123.3142913,2.84645668685877e-05,34967864.9657666,4.38891266223413e-05,44963413.3012949,2.19852991129128e-05,54956102.243143,3.3017242044878e-05,64945997.3659907,24.9947700500488
409.0276704,0.0002617149212368,5001558.60497381,6.49852369319324e-06,14991216.0816703,1.76531618218875e-05,24981123.1205294,2.84558250150274e-05,34967864.8839934,4.3844292026311e-05,44963412.6716701,2.20109552417268e-05,54956102.3908598,3.30527891475049e-05,64945995.7636019,25.0030689239502
414.0853836,0.0002617020424842,5001558.71305934,6.50015271767862e-06,14991216.110493,1.76731795584372e-05,24981123.1125213,2.84588843411565e-05,34967864.8278594,4.3872357795941e-05,44963414.2693067,2.19733542957175e-05,54956102.4430508,3.30221676821656e-05,64945997.2928505,24.999195098877
419.1357069,0.0002617065645192,5001558.86984429,6.49756285860794e-06,14991216.0969452,1.77007928184703e-05,24981123.4030982,2.84598635442127e-05,34967864.8745295,4.38662770325727e-05,44963413.1867935,2.19823624680265e-05,54956102.2729338,3.29695513599066e-05,64945996.3679101,25.0002288818359
424.1794779,0.0002616401440187,5001558.72614623,6.49861412433361e-06,14991216.077076,1.77125105968948e-05,24981123.4368947,2.84496826216461e-05,34967864.9335094,4.38460526351147e-05,44963413.6902067,2.19823959464055e-05,54956102.1349402,3.29904802549957e-05,64945995.9370833,24.9968090057373
429.2223694,0.0002617467586544,5001558.7269372,6.49927405649389e-06,14991216.0527588,1.76876958671493e-05,24981123.2992616,2.84647269209345e-05,34967864.8907356,4.38305377690396e-05,44963412.7377921,2.19848357249961e-05,54956102.3412417,3.29831154264333e-05,64945996.1311708,25.0141372680664
434.2693355,0.0002616426529603,5001558.77227056,6.49700029259736e-06,14991216.0300058,1.77064390283258e-05,24981123.2946561,2.84566301961325e-05,34967864.9187135,4.38691295918415e-05,44963414.1240477,2.19799797772733e-05,54956102.3357377,3.30241771518263e-05,64945995.7204787,25.0094604492188
439.3193325,0.0002616146757064,5001558.82968795,6.49768915435535e-06,14991216.0549779,1.77258914321092e-05,24981123.1446916,2.84511755175302e-05,34967864.655912,4.38549153582521e-05,44963413.4611808,2.1997237489343e-05,54956101.8256541,3.29738396561065e-05,64945997.4183894,25.0000476837158
444.3693299,0.0002616917578695,5001558.88097907,6.49891115189117e-06,14991216.0457731,1.77201066898841e-05,24981123.2844669,2.84576116985034e-05,34967864.7402989,4.3834594645212e-05,44963413.1719508,2.19860585379038e-05,54956102.0073322,3.298691000931e-05,64945996.6163921,24.9937953948975
449.4193264,0.0002617003785274,5001558.92089024,6.49963357351191e-06,14991216.0114335,1.77091224717783e-05,24981122.9422249,2.84611432099544e-05,34967864.7624174,4.38847696032909e-05,44963413.2264346,2.19693673716479e-05,54956102.0236332,3.30354726950308e-05,64945995.5366417,25.003849029541
454.4693909,0.000261727230975,5001558.8674326,6.49811331142168e-06,14991216.0010472,1.7715793138955e-05,24981123.1402658,2.84431975508826e-05,34967864.7099683,4.38200677238771e-05,44963413.8956586,2.19667039392703e-05,54956102.1106891,3.29506612326291e-05,64945997.1936933,25.0124530792236
459.5193193,0.0002616334503663,5001558.89159947,6.49786864588521e-06,14991215.9874862,1.7726824148251e-05,24981123.1395507,2.84555795777055e-05,34967864.7587192,4.38313382691094e-05,44963413.3912544,2.19838987275083e-05,54956101.9140847,3.29265067739738e-05,64945996.7233339,24.9863052368164
464.5680997,0.0002616891935485,5001558.92072754,6.49922030233428e-06,14991215.9873404,1.77470293309614e-05,24981123.1650246,2.84555927934822e-05,34967864.5863393,4.38671047141497e-05,44963413.0552054,2.19781604932682e-05,54956101.7222571,3.29702283415348e-05,64945997.7047474,24.9960746765137
469.6080939,0.0002617201876178,5001558.87566764,6.49787833964586e-06,14991215.9819333,1.77489105874721e-05,24981123.341585,2.8457353752465e-05,34967864.633549,4.38261574642203e-05,44963413.1717413,2.19896542333904e-05,54956101.8209633,3.29852299868615e-05,64945997.2227073,24.9993515014648
474.6680903,0.0002616638174666,5001559.10202918,6.4995876848797e-06,14991215.9363737,1.77240611227299e-05,24981122.9612398,2.84625535813044e-05,34967864.4975561,4.38387000351677e-05,44963413.7992402,2.19645338394128e-05,54956101.8816092,3.30007398098669e-05,64945996.8991086,24.9969482421875
479.7280884,0.0002616811197104,5001558.94367796,6.49727496140276e-06,14991215.9234933,1.77518730603136e-05,24981123.2385415,2.84590779699477e-05,34967864.6148577,4.38264656178827e-05,44963413.8040958,2.19832296289685e-05,54956101.8594454,3.30065752234977e-05,64945996.0742695,24.991828918457
484.7823641,0.0002616695717569,5001559.04093292,6.49804357446322e-06,14991215.9366705,1.77167461184751e-05,24981123.0318076,2.84483412021407e-05,34967864.6730455,4.38241362419749e-05,44963413.1895595,2.196646224499e-05,54956101.7582431,3.29480978379683e-05,64945996.6967019,25.0018482208252
489.8323599,0.0002616508516453,5001559.06430502,6.49717782057028e-06,14991215.8969148,1.77394978066739e-05,24981122.7868603,2.84554242781752e-05,34967864.498216,4.38731375909699e-05,44963413.3377568,2.1960442098444e-05,54956102.0321962,3.29886847129074e-05,64945996.7887253,25.0130844116211
494.8823578,0.0002616521296318,5001559.04836472,6.49685569829001e-06,14991215.8960999,1.77429834930525e-05,24981123.027819,2.84562734952417e-05,34967864.551757,4.38495267414277e-05,44963413.5662986,2.19738412640211e-05,54956101.7346624,3.3002285567935e-05,64945997.2488249,24.9862422943115
499.9418757,0.0002616311641498,5001559.19543621,6.49738861531453e-06,14991215.873542,1.77498888694832e-05,24981122.9614118,2.84586825384577e-05,34967864.4978601,4.38451965207926e-05,44963413.6894566,2.19757936694083e-05,54956101.6391472,3.29372083964671e-05,64945996.5199992,24.9870643615723
504.9994662,0.0002616335431724,5001559.11872067,6.49764702589626e-06,14991215.8653492,1.77575126737725e-05,24981123.0111447,2.84592179297107e-05,34967864.404067,4.37987780700094e-05,44963412.473002,2.19724362476482e-05,54956101.6380386,3.29869184872235e-05,64945996.3952136,25.0043106079102
510.0412356,0.0002616602586269,5001559.18695579,6.49600250879451e-06,14991215.8296088,1.77703231268598e-05,24981123.0275269,2.84673312897982e-05,34967864.4763104,4.38518618832583e-05,44963413.3401739,2.19788888170339e-05,54956101.5238858,3.3008163251682e-05,64945997.0521223,25.0035800933838
515.085606,0.0002616322565046,5001559.31003834,6.49730050902608e-06,14991215.7976736,1.77783762608448e-05,24981122.8945206,2.84600867331211e-05,34967864.5540668,4.38209117679349e-05,44963413.7098978,2.1972559557003e-05,54956101.4135919,3.29915127406524e-05,64945997.0927531,24.9974765777588
520.1452153,0.000261634513958,5001559.18507153,6.49683799818992e-06,14991215.7848456,1.77956631704107e-05,24981123.1419023,2.84520773305217e-05,34967864.3014211,4.38461942114053e-05,44963413.3085417,2.19634672169993e-05,54956101.7444457,3.29638767506146e-05,64945995.1415143,25.0148391723633
525.1952108,0.0002616699947702,5001559.20440904,6.4999826413535e-06,14991215.77725,1.77697268206421e-05,24981123.0128311,2.8453541520466e-05,34967864.3842775,4.38068900269333e-05,44963412.6603742,2.19565685200695e-05,54956101.6278932,3.30131600992119e-05,64945995.9366946,24.991678237915
530.2552061,0.0002616536426948,5001559.20979864,6.49711267123296e-06,14991215.7541481,1.77863443857461e-05,24981123.0962514,2.84512986919374e-05,34967864.3328924,4.38035458112947e-05,44963413.5441618,2.19715808216437e-05,54956101.5529307,3.30051707856738e-05,64945995.7147572,25.0162220001221
535.3052038,0.0002616445455206,5001559.29939839,6.50148023989042e-06,14991215.7706066,1.77922587233582e-05,24981123.0828908,2.84603251219937e-05,34967864.3955845,4.38599044333756e-05,44963413.3473135,2.19586899300784e-05,54956101.8090274,3.29757677285224e-05,64945996.0210781,24.9956798553467
540.3651989,0.0002616235896069,5001559.34456839,6.49873634288453e-06,14991215.7436642,1.77923311218041e-05,24981123.0008016,2.8443806881404e-05,34967864.5237909,4.38297311827112e-05,44963413.3800856,2.19620322350584e-05,54956101.3093908,3.29665043100998e-05,64945995.3897544,25.0137920379639
545.4251968,0.0002616930108732,5001559.39425335,6.49972139298301e-06,14991215.7313132,1.77849393493248e-05,24981122.8967567,2.8445032057793e-05,34967864.2805489,4.38654062840411e-05,44963413.6336219,2.19732595789175e-05,54956101.5993913,3.29643571748241e-05,64945995.6634901,25.0117740631104
550.4851934,0.0002616421223757,5001559.33728339,6.50050677169274e-06,14991215.7252037,1.78022514235645e-05,24981122.8920498,2.844935674525e-05,34967864.1730569,4.38331897856082e-05,44963412.9010914,2.19657694093102e-05,54956101.1047281,3.30062077661268e-05,64945996.7294283,25.0112915039063
555.54519,0.0002617292547729,5001559.37285487,6.49983277735828e-06,14991215.7008544,1.77783087010864e-05,24981123.0044587,2.84534875488164e-05,34967864.2670519,4.37953402301329e-05,44963413.2004517,2.19721858257418e-05,54956101.4444115,3.29640734989599e-05,64945995.8932874,25.0083503723145
560.5851858,0.0002616778973833,5001559.33275915,6.49915122526934e-06,14991215.7115902,1.78138992831873e-05,24981122.6225804,2.84356444648488e-05,34967864.2393475,4.38225697852946e-05,44963413.8518162,2.1963878982661e-05,54956101.5735363,3.29672814052015e-05,64945995.8767851,25.0050601959229
565.6451852,0.0002616788939944,5001559.3130345,6.49972786082323e-06,14991215.7009059,1.78286384363843e-05,24981122.6760372,2.84480020014713e-05,34967864.0941091,4.38106754489202e-05,44963413.3565251,2.19592688704641e-05,54956101.2905101,3.29600411467961e-05,64945996.158443,24.9860668182373
570.6951812,0.0002616282134629,5001559.3577461,6.49941314841575e-06,14991215.6970244,1.7815654404366e-05,24981122.6216693,2.84408184895583e-05,34967864.2106762,4.38211415847077e-05,44963413.6437434,2.19724387882254e-05,54956101.4603741,3.29999197425046e-05,64945996.4636103,25.00368309021
575.7551761,0.0002616436417942,5001559.40355167,6.50171229904201e-06,14991215.6902591,1.78069966154216e-05,24981122.9829874,2.84530820119361e-05,34967864.1383179,4.38651365033827e-05,44963413.5860912,2.19661716493124e-05,54956101.2925143,3.29788414107753e-05,64945994.8463473,24.9943294525146
580.8151742,0.0002616686933938,5001559.38277176,6.50120508919379e-06,14991215.7115726,1.781944375587e-05,24981122.63186,2.84515306084364e-05,34967864.1973924,4.3816340261574e-05,44963412.9482244,2.19657523279833e-05,54956101.578129,3.2933803549596e-05,64945996.5028402,25.0006351470947
585.8608828,0.0002616359461689,5001559.50881158,6.49946371451723e-06,14991215.6959909,1.78144124738383e-05,24981122.9608113,2.84437697358884e-05,34967864.2577646,4.38366569962601e-05,44963413.4023526,2.19581572495553e-05,54956101.8278709,3.2990298582825e-05,64945996.4690303,24.9969959259033
590.9108759,0.0002616368594046,5001559.44568159,6.50169239304051e-06,14991215.6953445,1.7810071414265e-05,24981123.0019953,2.8457740071004e-05,34967864.1113798,4.38090770547307e-05,44963413.4774588,2.19813168706537e-05,54956101.3714226,3.29740880393241e-05,64945995.7329412,25.0022296905518
595.9664444,0.0002616073226637,5001559.5890195,6.50112309434201e-06,14991215.6538667,1.78327184669775e-05,24981122.8329546,2.84607005195271e-05,34967863.9769687,4.38543187688412e-05,44963412.1477328,2.19579951767404e-05,54956101.454724,3.3003150892034e-05,64945994.9142186,25.0085067749023
601.0140782,0.0002616647114292,5001559.51087626,6.50010417548982e-06,14991215.6568004,1.78325356940482e-05,24981123.0161869,2.84404940462836e-05,34967864.008798,4.37856844191005e-05,44963412.8041155,2.19747879725888e-05,54956101.070231,3.29343727934739e-05,64945995.7735385,24.9956741333008
606.0740403,0.0002616729373227,5001559.52751848,6.50014335406698e-06,14991215.6111328,1.78199623808529e-05,24981122.7024175,2.84348077970251e-05,34967863.9319888,4.38459711335527e-05,44963412.9145805,2.19758177596297e-05,54956101.3637258,3.30101705319217e-05,64945996.7030755,24.9932518005371
611.1164718,0.0002616476644322,5001559.55922199,6.49969722133017e-06,14991215.5679348,1.78004204685021e-05,24981122.7553456,2.84463675558265e-05,34967864.0015765,4.38477176899079e-05,44963412.9008614,2.19635168387713e-05,54956101.0900391,3.29884871768569e-05,64945996.3869457,24.9919052124023
616.1735023,0.000261591938888,5001559.57259715,6.49988114280857e-06,14991215.5453956,1.78259053425153e-05,24981122.5266694,2.84501024870529e-05,34967863.8813764,4.38456850829485e-05,44963412.5006995,2.19754506406525e-05,54956101.2224336,3.2982007680872e-05,64945995.7227575,24.9834613800049
621.2270575,0.0002616315161411,5001559.64797331,6.50007669789794e-06,14991215.5405294,1.78270828180717e-05,24981122.5667031,2.843246275384e-05,34967863.866798,4.3796162514623e-05,44963413.7169656,2.19527047083685e-05,54956101.0382941,3.30180125642927e-05,64945996.2114525,25.0023021697998
626.2727617,0.0002615645060769,5001559.66724608,6.50063001522462e-06,14991215.534997,1.78186122237226e-05,24981122.7439455,2.84549117915255e-05,34967863.8000384,4.38127860443496e-05,44963412.4966121,2.19646924814822e-05,54956100.9241418,3.29474812503362e-05,64945996.0831099,25.0053997039795
631.3327578,0.0002616299293908,5001559.5443255,6.50061573032699e-06,14991215.5183391,1.78390620334676e-05,24981122.3173222,2.8437905904935e-05,34967863.6330268,4.38147822862328e-05,44963412.4407757,2.19649402220926e-05,54956101.2677192,3.29572897040709e-05,64945997.0184262,24.986291885376
636.3909144,0.0002616112394612,5001559.54125463,6.49726925653522e-06,14991215.4824255,1.78202113195587e-05,24981122.4967412,2.8441393221728e-05,34967863.7095804,4.37820354133985e-05,44963412.5577803,2.19646002327132e-05,54956100.6854563,3.29078828224385e-05,64945996.8886272,24.9978981018066
641.4409087,0.0002616447090607,5001559.68276336,6.49806545125352e-06,14991215.4297326,1.78333113177059e-05,24981122.2413573,2.84397980718765e-05,34967863.5927578,4.37847041980514e-05,44963412.8171809,2.1973247917703e-05,54956100.8155367,3.29056910562446e-05,64945996.193264,25.0015125274658
646.4909068,0.0002616390759289,5001559.63834517,6.49852028419785e-06,14991215.4444739,1.78294049277552e-05,24981122.3914011,2.84397418389694e-05,34967863.6377936,4.37851622007843e-05,44963412.6068446,2.19679764840462e-05,54956101.3024401,3.29510510914754e-05,64945995.9845616,24.9967708587646
651.5409031,0.0002616023359104,5001559.615374,6.49932137108556e-06,14991215.4274379,1.78733495529434e-05,24981122.5041931,2.8438546439032e-05,34967863.5934157,4.38022918093713e-05,44963412.3291896,2.19607739890499e-05,54956100.9884813,3.29605126341716e-05,64945996.7797812,24.9910564422607
656.6009014,0.0002615596410955,5001559.67060884,6.49992676933083e-06,14991215.417597,1.78188174893386e-05,24981122.4718678,2.84482072090425e-05,34967863.6616386,4.3811644787702e-05,44963413.321627,2.19536780910805e-05,54956101.3341951,3.28702770759172e-05,64945996.3360765,25.0041198730469
661.6508939,0.0002616047288499,5001559.66606136,6.50082897586831e-06,14991215.4025127,1.78506715920652e-05,24981122.5002936,2.84379452985748e-05,34967863.7237612,4.38110214370908e-05,44963413.0472781,2.19555314401678e-05,54956100.8911226,3.29422543748076e-05,64945995.1301637,24.9968433380127
666.7008908,0.0002615973475068,5001559.72579943,6.50288585815965e-06,14991215.3917805,1.7834608236793e-05,24981122.437201,2.84283103188188e-05,34967863.5981768,4.38287153087642e-05,44963412.7282536,2.19642616758293e-05,54956100.7634051,3.29686396061706e-05,64945994.7601908,24.992977142334
671.7508869,0.0002616787660598,5001559.72259516,6.50055059003948e-06,14991215.3898055,1.78531452877126e-05,24981122.2266502,2.84360231896342e-05,34967863.6541135,4.37545192209744e-05,44963412.5576125,2.19543318665712e-05,54956100.7022501,3.29110825027048e-05,64945996.1459432,24.9965076446533
676.810885,0.0002616098121387,5001559.85375805,6.50064719221992e-06,14991215.3461511,1.78211054344226e-05,24981122.5342554,2.84296088421656e-05,34967863.633951,4.37877758929627e-05,44963412.2789181,2.19683353044211e-05,54956100.8072803,3.29816384632696e-05,64945995.6010765,25.0077610015869
681.8708803,0.0002615507345945,5001559.79667107,6.50018964814602e-06,14991215.3707731,1.78231719776016e-05,24981122.3313574,2.84309603593548e-05,34967863.7509797,4.38001923957183e-05,44963412.1709775,2.19508472231314e-05,54956101.0715764,3.2907078236019e-05,64945996.3937174,24.9920120239258
687.2508791,0.0002616102860588,5001559.77704232,6.5002002987956e-06,14991215.3322792,1.78138411555799e-05,24981122.2764864,2.84384858675064e-05,34967863.6175795,4.38387125007941e-05,44963412.4859693,2.19614292358568e-05,54956101.0174817,3.2937043819466e-05,64945996.2318874,25.0028343200684
692.3008747,0.0002615880862337,5001559.78070415,6.50053471922472e-06,14991215.3246273,1.78375102882676e-05,24981122.471373,2.84416914112736e-05,34967863.5781735,4.38013563463473e-05,44963413.2810609,2.1963329682931e-05,54956100.8427489,3.29358884907122e-05,64945997.0501436,25.0127029418945
697.3508695,0.0002616120311767,5001559.7942227,6.50292497153022e-06,14991215.2841292,1.78585620517748e-05,24981122.3823647,2.84446217333836e-05,34967863.3911103,4.38191309422585e-05,44963412.5721622,2.19591983714832e-05,54956100.6226967,3.29453817681255e-05,64945995.7404114,25.0057983398438
702.3908699,0.0002615560238747,5001559.87978764,6.49797252625236e-06,14991215.2811125,1.78648399115379e-05,24981122.3541498,2.84407920877464e-05,34967863.2873338,4.38202115111932e-05,44963412.0276208,2.1956051328051e-05,54956100.4589758,3.29859555056378e-05,64945995.9351072,24.9958038330078
707.450866,0.0002615896718872,5001559.83087787,6.50004511801756e-06,14991215.2603025,1.7907682275755e-05,24981122.2913201,2.84206115863942e-05,34967863.4472468,4.37225837286363e-05,44963412.0734878,2.19512764847393e-05,54956100.8061306,3.29383579741695e-05,64945996.9785009,25.0097694396973
712.5109103,0.0002615754279269,5001559.81466993,6.49983070714897e-06,14991215.2432496,1.7852431418289e-05,24981122.3920425,2.84194356834222e-05,34967863.5462111,4.37981295993844e-05,44963412.9147173,2.19735443336995e-05,54956100.4362694,3.29037281211372e-05,64945995.18638,25.019645690918
717.5608571,0.0002615729666383,5001559.83869794,6.50091743442355e-06,14991215.2027992,1.78837761890529e-05,24981121.9671375,2.84316978007624e-05,34967863.3686549,4.38077510444691e-05,44963412.2219682,2.19542699608803e-05,54956100.5624659,3.29480251974083e-05,64945995.6873773,24.9991664886475
722.6108554,0.0002615329148406,5001559.96594595,6.49945139604291e-06,14991215.2169382,1.78876160526866e-05,24981122.4450805,2.84247665111517e-05,34967863.4692824,4.38373313045714e-05,44963412.7311184,2.19656550325854e-05,54956100.4360824,3.28924803447555e-05,64945995.4650696,25.0132961273193
727.7208505,0.000261565995488,5001559.94722047,6.49957684732789e-06,14991215.1946533,1.78913201567015e-05,24981122.175953,2.843157084661e-05,34967863.39346,4.37771472367218e-05,44963412.7705159,2.19605357694115e-05,54956100.4935302,3.29698992952857e-05,64945995.8297982,25.0107498168945
732.770847,0.0002615620786194,5001559.96483566,6.49839147338925e-06,14991215.1794544,1.78894863916257e-05,24981121.9924547,2.84175869425773e-05,34967863.4421894,4.37871092627089e-05,44963412.9901287,2.19536135922531e-05,54956100.5264882,3.29265612524222e-05,64945996.637558,25.0070266723633
737.8115376,0.0002615746134386,5001559.91449369,6.50032707058136e-06,14991215.1953076,1.78904155233743e-05,24981122.2706188,2.84285750181597e-05,34967863.3011942,4.37970332994629e-05,44963412.6860394,2.19436480023852e-05,54956100.3922821,3.29246414953243e-05,64945995.5784634,24.9954605102539
742.8715349,0.0002615732048245,5001559.93423877,6.49901028005317e-06,14991215.1807515,1.78871811850578e-05,24981122.293264,2.84316639947482e-05,34967863.2485677,4.3787224729314e-05,44963412.4643472,2.19485170429314e-05,54956100.5543868,3.29670342040719e-05,64945995.7057313,24.9900856018066
747.9315311,0.0002615550569964,5001559.99622629,6.49928797250153e-06,14991215.2183305,1.78935453922295e-05,24981122.083438,2.84255049097389e-05,34967863.547567,4.3736025504348e-05,44963412.4823056,2.19557070143268e-05,54956100.1736359,3.29964376335063e-05,64945995.2170553,25.0124912261963
752.9915282,0.0002616386338559,5001560.0239001,6.50104423565841e-06,14991215.1596382,1.7896837203529e-05,24981122.1534525,2.843987772933e-05,34967863.1707302,4.37896269194573e-05,44963413.4564418,2.19381405350444e-05,54956100.6673876,3.29081016868954e-05,64945996.469626,24.9991779327393
758.0420437,0.0002616087702325,5001560.08310399,6.50042857994755e-06,14991215.2205028,1.78737289674844e-05,24981122.1698636,2.84413596922411e-05,34967863.1850053,4.38088916752489e-05,44963412.0277044,2.19539102996052e-05,54956101.7552446,3.29576975590248e-05,64945997.9906435,25.0099143981934
763.1020363,0.0002615831646861,5001560.09516017,6.49955231821155e-06,14991215.2431135,1.78796206790983e-05,24981122.3482847,2.84288165489871e-05,34967862.7983594,4.37514686460426e-05,44963412.4973399,2.19345490634927e-05,54956102.9570212,3.29419316698265e-05,64945999.1768906,24.9939785003662
772.1994262,0.0002616088205881,5001560.32523646,6.49686641965174e-06,14991215.2835601,1.78445401477183e-05,24981121.6386145,2.84242948134445e-05,34967862.6609614,4.38123034973466e-05,44963413.1813785,2.19594972881708e-05,54956103.5151106,3.29003520378295e-05,64946001.0785199,24.9845504760742
777.256925,0.0002615882093921,5001560.38325136,6.49717169956016e-06,14991215.410484,1.78536831534008e-05,24981121.9854324,2.84210712322673e-05,34967862.8538866,4.37834576313154e-05,44963412.2689413,2.19514635213802e-05,54956103.6900126,3.29059419918122e-05,64946000.9028682,25.0068702697754
782.3069298,0.0002616203443575,5001560.46697061,6.49780029250315e-06,14991215.4041821,1.78664896661962e-05,24981121.9573949,2.84186454598865e-05,34967863.0486484,4.37519781581459e-05,44963413.495724,2.19549883536621e-05,54956102.6340063,3.294843958072e-05,64945997.8787169,24.9940147399902
787.3669193,0.000261595495437,5001560.42620046,6.4965202743283e-06,14991215.2737878,1.7857067140531e-05,24981121.9756477,2.84121858026132e-05,34967863.4804476,4.37489913455778e-05,44963412.1565697,2.19531028205055e-05,54956100.2073651,3.28919714435119e-05,64945995.6533865,25.0141372680664
792.5169183,0.0002685525935264,5001532.27965232,8.69847773023851e-06,14991162.5106746,2.05341633118658e-05,24981023.7013459,2.8602815595657e-05,34967796.5786576,5.13895316439537e-05,44963070.9194914,7.38171060656641e-05,54955267.7009314,9.63317686602503e-05,64945811.6958854,25.0001392364502
797.7741352,0.0004611921799041,5000936.03450102,1.6058280473556e-06,14990907.5865522,,,,,,,,,0.0001997863743753,64942788.503551,24.9896755218506
804.4451048,0.0005988301132198,5000737.04893852,,,0.0001768915304227,24980297.5058332,0.0001627294663493,34969685.6055245,0.0001627670708849,44959962.1522023,0.0001841206943986,54950353.8177812,,64941998.0991583,24.9999694824219
810.2951002,0.0005982176886546,5000777.05120972,,,0.0001681709722158,24980483.1599714,0.0001530790999434,34969836.0122912,0.0001590945326092,44960109.0672541,0.0001832200314414,54950733.7406465,,64942285.3833926,24.9917221069336
815.3351068,0.0005970139137269,5000798.50506773,,,0.0001642881942488,24980575.9333364,0.0001482647774984,34969951.9089435,0.0001536104876001,44960207.8420936,0.0001786709587883,54950837.087247,,64942408.9600945,24.9841346740723
820.3950929,0.0005958630242605,5000813.84375961,,,0.0001620342153385,24980639.378154,0.0001457431361636,34970029.0493683,0.0001496857503475,44960277.4489618,,,,64942615.5236249,25.0140342712402
825.4450901,0.000595471668559,5000824.18065873,,,0.0001602230476663,24980686.7036973,0.0001436095377977,34970091.7248387,0.0001469997795789,44960333.9382921,0.0001761033786069,54951017.4412745,,64942709.651302,25.0101184844971
830.5050856,0.0005947679940547,5000832.75784219,,,0.0001590127880959,24980726.6221286,0.0001418454295713,34970144.1237189,0.000144788415873,44960389.8664576,0.0001753922900223,54951076.9683969,,64942836.6928218,25.0085868835449
835.5650837,0.0005943260888,5000839.62772871,,,0.0001580018664164,24980759.5714253,0.0001405550921343,34970189.6355116,0.0001430161504214,44960437.4470566,,,,64942881.0729242,25.0005397796631
840.6150807,0.0005938714650969,5000846.0182525,,,0.0001572192177775,24980787.0958281,0.0001395496605377,34970225.5958202,0.0001413827243849,44960475.6133535,,,,64942953.5060642,25.0046195983887
845.6650761,0.0005935033741079,5000851.07983728,,,0.0001563868105558,24980810.9681619,0.0001385297775145,34970260.4865301,0.0001399414413552,44960513.2934708,,,,64943038.307516,24.9966297149658
850.7150726,0.0005934040719002,5000855.37984924,,,0.0001556916115036,24980832.4448185,0.0001377085618375,34970290.2542083,0.0001388532832114,44960545.7678649,,,,64943079.7862317,24.9867458343506
855.7750699,0.000593289564415,5000859.69523327,,,0.00015497013643,24980851.6282317,0.0001370534006563,34970315.7766108,0.0001374841634365,44960582.064548,,,,64943114.4269303,25.0009155273438
860.8250661,0.000593022874414,5000863.48405039,,,0.0001545034486305,24980868.6064613,0.0001363137873906,34970340.246133,0.0001365348491549,44960609.6263765,,,,64943154.4216676,24.9943962097168
865.8750635,0.0005924401601908,5000866.45538138,,,0.0001538345762264,24980884.6913675,0.0001356473486503,34970361.2408865,0.0001355365728941,44960635.4661644,,,,64943174.7908936,24.9943408966064
870.9250602,0.0005925608761934,5000869.87574369,,,0.0001534732432814,24980898.0737053,0.0001350994726414,34970381.3990597,0.0001345186581698,44960661.0877793,,,,64943212.1204956,24.9930686950684
875.9750584,0.0005925129826123,5000873.1456944,,,0.0001530217115463,24980911.503979,0.000134409020265,34970398.7395511,0.0001336508382562,44960681.9623117,,,,64943246.4772713,25.0011863708496
881.025053,0.0005925048999509,5000876.22530189,,,0.0001526705505445,24980923.1853844,0.0001341212624375,34970413.4259753,0.00013299066257,44960700.4058964,,,,64943292.8492129,24.989315032959
886.0750514,0.0005929650907572,5000878.26620398,,,0.0001522907618456,24980934.3570694,0.0001335547342072,34970432.70754,0.0001327256137158,44960718.2397932,,,,64943289.0666413,25.0081176757813
891.1350471,0.000593306870866,5000879.75728556,,,0.0001519088744888,24980944.3341368,0.000133379458479,34970445.1216902,0.0001317780153459,44960740.777017,,,,64943339.7617918,24.9990501403809
896.1950448,0.0005932204814057,5000881.84270186,,,0.0001516490690062,24980953.3194546,0.0001327608591827,34970456.7747625,0.0001312785323388,44960754.1695245,,,,64943322.2022844,25.0084171295166
901.2450397,0.0005931384455971,5000883.25700526,,,0.0001514205567625,24980961.5641046,0.0001323650339325,34970466.223359,0.0001308770222403,44960772.3674514,,,,64943351.2504457,24.9991092681885
906.2950368,0.0005928027948909,5000884.1984055,,,0.0001511763619111,24980969.8377671,0.0001321709326774,34970480.8920517,0.0001305861376001,44960788.6022639,,,,64943351.1178986,25.0091724395752
911.3450326,0.000592940944522,5000885.76345777,,,0.0001509239314659,24980975.7220184,0.0001316807454642,34970490.9876674,0.0001302586540528,44960796.9312279,,,,64943391.4038501,24.9962730407715
916.3950306,0.0005927493293653,5000887.39480282,,,0.0001507265923466,24980982.70043,0.0001315772193572,34970500.4981532,0.0001294202512757,44960809.9302363,,,,64943379.1687932,24.9909038543701
921.4450273,0.0005924106880297,5000888.40137816,,,0.0001504971213887,24980987.9563464,0.0001312879971034,34970507.4275409,0.000129103833049,44960822.2604131,,,,64943382.5779362,25.0090560913086
926.4850237,0.0005924689291278,5000889.43903816,,,0.0001502845383684,24980993.5832983,0.0001311275424067,34970517.6488556,0.0001287370187677,44960833.7308501,,,,64943404.4359466,25.0049171447754
931.5350198,0.0005922797180779,5000890.59925457,,,0.0001501375009388,24980998.8942761,0.0001308433476081,34970524.2317479,0.0001285229240138,44960843.7363312,,,,64943407.268109,24.9927005767822
936.5950168,0.000592317373957,5000891.40083665,,,0.0001498438322022,24981003.5840306,0.0001305837701366,34970531.03604,0.0001281401005417,44960849.6214037,,,,64943408.9065894,25.0058670043945
941.6450133,0.0005921887355755,5000892.73279337,,,0.0001497415772562,24981005.9840675,0.0001305073548465,34970536.5016898,0.0001279016150159,44960861.340412,,,,64943417.3198185,24.9872932434082
948.6450086,0.00059224281486,5000894.11995194,,,0.00014953199094,24981011.5115183,0.0001302224341448,34970546.3141314,0.000127501954784,44960874.0108401,,,,64943416.0158355,24.9993305206299
953.6850086,0.0005921275852562,5000894.77430802,,,0.0001492957434687,24981014.8298172,0.0001302456032812,34970549.6997276,0.0001271507808117,44960879.3432373,,,,64943418.2780644,25.00559425354
958.7450021,0.0005920216472713,5000895.45275984,,,0.0001491713633881,24981018.4380972,0.0001298092561958,34970555.5825574,0.0001267465335488,44960888.6658597,,,,64943421.3316852,24.9935207366943
963.8050016,0.0005920495163718,5000895.98015658,,,0.0001489483040929,24981021.5679576,0.0001297241821326,34970561.3134017,0.0001266634913026,44960893.827822,,,,64943409.2321381,25.0033531188965
969.1549959,0.0005921475613584,5000897.0136601,,,0.0001488256009772,24981024.4177547,0.0001296380310332,34970567.8432167,0.0001264815256934,44960905.9815575,,,,64943419.47403,25.0058631896973
974.2149926,0.0005919084512088,5000897.54473261,,,0.0001487384589584,24981026.8839047,0.0001295812898854,34970569.3861816,0.0001260747544608,44960907.1648277,,,,64943411.3303121,24.990119934082
979.2649892,0.000592073627247,5000898.47563381,,,0.0001485650663399,24981030.0430335,0.0001293867278577,34970576.0525459,0.0001259274519903,44960914.388103,,,,64943412.6740675,24.9905090332031
984.3249857,0.0005918944889896,5000898.93087842,,,0.0001483176085472,24981032.8669725,0.0001293815680966,34970578.1661126,0.0001256958908503,44960921.0494983,,,,64943423.6032074,24.9976768493652
989.4549824,0.0005921425036668,5000899.08613284,,,0.0001482326997457,24981034.7740294,0.0001291665926461,34970581.3330083,0.0001258242220542,44960927.8135451,,,,64943420.9122353,25.0080623626709
994.5049794,0.0005921121646136,5000900.02379224,,,0.000148029359233,24981037.3393737,0.0001291390152031,34970584.9924243,0.0001255596165096,44960931.3771404,,,,64943423.1819297,24.9962959289551
999.5649758,0.0005919893756003,5000900.03441063,,,0.0001480148590218,24981037.9465164,0.0001291554282164,34970584.6121545,0.0001253638161753,44960935.0876056,,,,64943420.1429085,24.9750900268555
1004.615026,0.0005920061937414,5000900.9873721,,,0.0001478256488176,24981040.863206,0.0001288527399523,34970591.820203,0.0001252286209541,44960941.2110369,,,,64943406.6650847,25.002628326416
1009.6749708,0.0005917928545018,5000901.30824806,,,0.000147731606173,24981042.3256283,0.0001289258194911,34970592.4674382,0.0001252054278581,44960945.1456867,,,,64943408.8935079,25.0072593688965
1014.7249683,0.000591765804519,5000901.49937099,,,0.0001476622156533,24981045.2364229,0.0001287374891021,34970594.6661722,0.0001246406376205,44960943.3792636,,,,64943396.6758811,25.0149707794189
1020.1549623,0.0005918455100254,5000902.10744597,,,0.0001475804874093,24981046.9572753,0.0001287425278006,34970598.5780471,0.0001244529461477,44960948.7327286,,,,64943406.3656049,24.9907093048096
1025.2049593,0.0005915122888181,5000902.6167708,,,0.0001474114246856,24981048.4047436,0.0001287230246955,34970603.4636901,0.0001245454106084,44960960.5408787,,,,64943401.5131535,24.9999752044678
1030.2449632,0.0005917252473774,5000902.51971704,,,0.0001473165424419,24981049.2765713,0.0001283827089267,34970601.6427561,0.0001245235792861,44960958.5317656,,,,64943410.6836924,24.998779296875
1035.3049888,0.0005916015924782,5000903.011318,,,0.0001472600253968,24981051.0708021,0.0001286141240617,34970604.3558271,0.0001242866015146,44960961.4959638,,,,64943410.3835357,24.9995174407959
1040.3649519,0.0005913435861309,5000903.63664841,,,0.0001472500543933,24981051.6853003,0.000128527553721,34970606.0546788,0.0001242390427859,44960964.7606808,,,,64943388.9910237,25.0123729705811
1045.4149455,0.0005914373577136,5000903.6744723,,,0.0001470917936722,24981053.2726125,0.0001281819001494,34970609.7635568,0.0001241849859332,44960967.2746825,,,,64943405.6789119,25.0030937194824
1050.4749427,0.0005913603637062,5000903.90122167,,,0.0001470340454064,24981054.0391721,0.0001282945739492,34970611.5966035,0.0001240212170774,44960971.0783162,,,,64943405.242868,25.0106563568115
1055.5249402,0.0005913988075152,5000904.71085121,,,0.0001469259083114,24981055.306552,0.0001281585298445,34970610.6256741,0.0001238627293191,44960975.2671302,,,,64943393.7562559,24.986083984375
1060.5849376,0.000591432806613,5000904.77365398,,,0.0001468950609411,24981056.7103007,0.00012814099869,34970612.963741,0.0001239046017126,44960975.5337523,,,,64943394.4068795,24.9988803863525
1065.6349326,0.000591456500446,5000905.1661517,,,0.0001468593324453,24981057.5327069,0.0001280383613969,34970612.9738007,0.0001237723854485,44960976.2313524,,,,64943407.821613,25.0082092285156
1070.6949299,0.0005915985582653,5000905.07538688,,,0.0001467562769068,24981059.207452,0.0001282026016687,34970614.4181869,0.0001236850291507,44960982.2122149,,,,64943404.8297804,24.9918365478516
1075.7449267,0.0005915024146041,5000905.71476923,,,0.0001465305431878,24981060.157249,0.000128105633129,34970616.2568421,0.0001234618258326,44960983.1439652,,,,64943402.282793,24.9991359710693
1080.7949226,0.0005916666432476,5000905.66921647,,,0.0001465675521287,24981060.7329672,0.0001280015209428,34970617.9286057,0.0001233553748799,44960986.0627449,,,,64943401.1021942,25.0023994445801
1085.8449217,0.00059143396986,5000905.9774113,,,0.0001464977365194,24981061.2467134,0.0001278598380941,34970616.1757951,0.0001232906746124,44960987.2045596,,,,64943387.8595357,25.0022296905518
1090.9049168,0.0005913605564726,5000906.09665302,,,0.0001464170014155,24981061.9612274,0.000127851756676,34970618.9106285,0.0001233243106805,44960992.4837399,,,,64943404.7159023,24.9915428161621
1095.9549152,0.0005913151399861,5000905.97341217,,,0.0001463556268475,24981063.230453,0.0001277490860204,34970618.6163374,0.0001234132516,44960992.0796203,,,,64943368.8513695,25.0049705505371
1101.0049204,0.0005913417511931,5000906.81668321,,,0.0001462791165395,24981063.7473533,0.0001278130424366,34970620.2133726,0.0001231607574013,44960994.224038,,,,64943403.1787844,25.0058517456055
1106.0649067,0.000591392937365,5000906.69455409,,,0.0001461819856602,24981065.3779407,0.0001277263771179,34970621.0191107,0.0001231664987735,44960992.817296,,,,64943375.357698,25.0034923553467
1111.1149031,0.0005910940055445,5000906.91831046,,,0.0001460948117271,24981066.2216138,0.0001276168087727,34970622.4347231,0.0001229646172705,44960997.6670898,,,,64943374.5894937,24.9970970153809
1116.1548993,0.0005913205772986,5000906.67772327,,,0.0001461302038891,24981066.81849,0.0001277162519055,34970622.762323,0.0001229579311707,44960995.8343846,,,,64943380.4552186,25.0057144165039
1121.1949576,0.0005912749500126,5000907.48069883,,,0.0001459537689112,24981066.8765114,0.0001275499521208,34970622.9793976,0.0001230310298436,44960998.7594607,,,,64943380.2947218,24.994701385498
1126.2451429,0.0005912769586197,5000907.53782274,,,0.0001460129072973,24981066.7827371,0.0001274560309127,34970623.044555,0.0001227764105639,44960999.3413327,,,,64943373.8292904,24.9979782104492
1131.2948906,0.0005914533767244,5000907.73156234,,,0.0001458793067413,24981068.0793006,0.0001274537718798,34970625.2362304,0.0001228817536411,44961001.9064829,,,,64943387.1847934,24.9928493499756
1136.3548865,0.0005912310916152,5000907.60328704,,,0.0001458673073309,24981068.7284523,0.0001274027482956,34970623.4492322,0.0001227577484879,44961003.6115073,,,,64943385.7504854,24.996711730957
1141.4048906,0.0005911649453731,5000907.89326904,,,0.0001457888161123,24981069.7819431,0.0001272316745313,34970625.2423582,0.0001225869370733,44961004.2862936,,,,64943379.1176546,24.9946804046631
1146.4648826,0.0005912295460565,5000908.12649846,,,0.0001457137657197,24981069.5028973,0.0001272269464751,34970624.5676063,0.00012260821905,44961004.5685045,,,,64943387.5738387,24.9968643188477
1151.5148765,0.0005914464555851,5000908.40989477,,,0.0001456472679838,24981070.2457264,0.0001272514536292,34970624.7211378,0.0001225578134131,44961004.8046167,,,,64943370.0893736,24.9905529022217
1156.5648769,0.0005914654495094,5000908.43358914,,,0.0001456677898079,24981071.1897395,0.000127284110625,34970627.2958063,0.0001224050433307,44961008.8648353,,,,64943382.879569,25.0023994445801
1161.6048706,0.000591177702212,5000908.30052204,,,0.0001454930664564,24981070.9675064,0.0001271791648774,34970627.4005562,0.0001224113020826,44961007.9033769,,,,64943374.6155413,24.9979057312012
1166.9248666,0.000591429060147,5000908.45913926,,,0.000145506529567,24981071.7070006,0.0001271831870356,34970628.0812165,0.0001222345017588,44961008.6081159,,,,64943350.6729786,25.0061378479004
1171.9748633,0.0005912060860556,5000908.89241511,,,0.0001454882470427,24981071.4869788,0.0001272232494198,34970629.6583436,0.0001222623168881,44961007.8925239,,,,64943336.929834,25.0120754241943
1177.0348634,0.000591271730493,5000908.92199288,,,0.0001454864153266,24981072.158633,0.0001270265200886,34970629.4445691,0.0001223616390836,44961009.6284742,,,,64943331.1916991,25.0130405426025
1182.0848572,0.0005914346160349,5000909.009227,,,0.0001453914978685,24981071.8304396,0.0001270719038239,34970627.8104713,0.0001223283407486,44961011.9142444,,,,64943329.6940993,24.9976768493652
1187.144853,0.0005913609183112,5000909.46124704,,,0.0001453130971917,24981073.2515972,0.0001267902155202,34970630.1474058,0.0001223641688385,44961013.605182,,,,64943338.3304148,24.9871864318848
1192.1948502,0.0005913796143647,5000909.08928661,,,0.0001453062351437,24981073.080717,0.0001269578564269,34970627.8412894,0.0001221409161294,44961015.9170375,,,,64943335.4623186,25.0026531219482
1197.2448541,0.0005911458027149,5000908.99865749,,,0.0001453176518741,24981073.7035665,0.0001267586994726,34970630.5163933,0.000122210988051,44961013.8245503,,,,64943346.9149836,24.9999828338623
1202.294844,0.0005913266212921,5000909.3385143,,,0.0001453044187975,24981073.9353295,0.0001269109434299,34970630.5408338,0.000121845781593,44961018.1469392,,,,64943337.2525103,25.0004787445068
1207.334848,0.0005911248613377,5000909.58299023,,,0.0001452225839437,24981074.2139246,0.0001267536598915,34970632.408796,0.0001221061267408,44961018.710968,,,,64943335.150951,25.0151901245117
1212.3948402,0.0005912003448008,5000909.35520078,,,0.0001451821101907,24981075.1571671,0.0001270541231931,34970631.1925238,0.000122171858516,44961017.197389,,,,64943318.1703828,25.0076770782471
1217.4548358,0.0005912151558066,5000909.27218352,,,0.0001452163089144,24981075.3117387,0.0001268872816307,34970632.8408719,0.0001220502556409,44961020.9000525,,,,64943368.35208,24.9950180053711
1222.494831,0.0005913160998141,5000909.75552771,,,0.0001451315745684,24981075.9217184,0.0001266500771993,34970633.1272313,0.000121985405954,44961021.7428256,,,,64943338.0943446,24.988302230835
1227.5448386,0.0005910987816548,5000909.73779955,,,0.0001451046253584,24981077.0394521,0.0001268040417801,34970634.6642227,0.0001220672683648,44961023.2727541,,,,64943343.3762221,24.9981689453125
1232.6048232,0.00059116717703,5000909.24450857,,,0.0001451226900461,24981076.4673622,0.0001267998399863,34970633.4942617,0.0001218391189424,44961027.2605576,,,,64943345.6424762,25.0110855102539
1237.6448274,0.0005910970385374,5000909.85840615,,,0.0001451429184156,24981076.9653654,0.0001267873575078,34970634.6949022,0.0001217841577433,44961028.0821982,,,,64943314.3490948,24.9975833892822
1242.6948171,0.0005910970966086,5000909.57143366,,,0.0001450644832767,24981077.6245462,0.0001268035377209,34970635.001545,0.0001218073155124,44961028.422161,,,,64943323.8967767,24.998046875
1247.7349062,0.0005911569631242,5000910.02878852,,,0.0001450253392032,24981077.6848472,0.0001266817417453,34970636.6839516,0.0001216709426939,44961027.4616295,,,,64943321.3468416,24.9962329864502
1252.7948104,0.0005911246220363,5000910.29821627,,,0.0001450991711512,24981078.0368111,0.0001267777734791,34970635.4153676,0.0001215098582468,44961028.4315516,,,,64943343.5426668,25.007740020752
1257.8448079,0.000591126934239,5000909.93226154,,,0.0001450674854719,24981078.6140518,0.0001264675252503,34970638.105818,0.0001215738797521,44961026.3719578,,,,64943332.4869769,25.0036239624023
1262.8948039,0.0005913400642337,5000909.81548133,,,0.0001450899378611,24981079.0759757,0.0001268112750525,34970639.665237,0.000121707041361,44961027.9064675,,,,64943335.7775797,24.9976806640625
1267.9448004,0.000591467671541,5000909.7430921,,,0.0001450798311655,24981079.1296871,0.000126583808801,34970639.6895721,0.0001216271211683,44961032.4777742,,,,64943335.9133146,25.000940322876
1272.9947969,0.0005913266289122,5000910.08097171,,,0.000145055358065,24981079.0281557,0.0001266203508651,34970637.254665,0.000121572012424,44961032.676713,,,,64943319.6222807,24.9935436248779
1278.0447953,0.0005912687185992,5000909.65456047,,,0.0001450577811158,24981078.8327899,0.0001264985993704,34970637.4035421,0.0001219100724085,44961030.6404596,,,,64943325.626607,25.0136280059814
1283.0947919,0.0005913798609113,5000909.85659561,,,0.0001449439387197,24981079.5743238,0.000126653941426,34970638.2205712,0.0001215574919601,44961035.1854633,,,,64943343.2154376,25.0027885437012
1288.1448244,0.0005911409550753,5000910.32656045,,,0.0001449518910903,24981079.9155291,0.0001265570553079,34970639.7843911,0.0001216343880169,44961034.3822914,,,,64943322.4922431,25.0067176818848
1293.1948165,0.0005912936188814,5000909.84604478,,,0.0001450206285437,24981080.9751355,0.0001265289907748,34970638.9303339,0.0001216160737109,44961035.46649,,,,64943321.1264628,24.9997291564941
1298.2447819,0.0005912415555271,5000909.63743912,,,0.0001450096150411,24981080.0829652,0.0001267172172572,34970639.5093794,0.0001216290202079,44961037.0603356,,,,64943331.4026799,25.0000877380371
1303.2947778,0.0005914265853412,5000909.73846184,,,0.000144950995538,24981081.3317769,0.0001265053323044,34970643.4782125,0.0001212837415226,44961038.0273733,,,,64943299.9642863,24.9999465942383
1308.3547746,0.0005913768564646,5000910.49511042,,,0.0001450319358054,24981081.2065621,0.0001265234488653,34970640.3688182,0.0001214507619371,44961038.7725209,,,,64943330.2068426,25.0072708129883
1313.4147712,0.0005913779851873,5000910.38611152,,,0.0001449622240393,24981081.6933422,0.0001264641202496,34970640.4520202,0.000121441256952,44961036.3743421,,,,64943312.9119012,24.9846706390381
1318.4747683,0.0005915260037637,5000910.04478522,,,0.0001449600689461,24981081.7060982,0.0001265203242719,34970640.0561495,0.0001213882327353,44961041.3878481,,,,64943314.5916969,25.0014038085938
1323.5147645,0.0005912261482096,5000910.01489805,,,0.0001449295836399,24981082.0297031,0.0001265159798611,34970641.7061616,0.0001212357016138,44961041.7240478,,,,64943318.8885152,24.9974746704102
1328.5647609,0.0005911539256141,5000909.51830861,,,0.0001449858789098,24981082.0157597,0.0001265976801367,34970640.6795431,0.0001210207101746,44961040.2211201,,,,64943308.0358857,25.0092658996582
1333.6247585,0.0005911325038873,5000909.98982847,,,0.0001450389371436,24981082.0201709,0.0001266125463069,34970643.6014993,0.0001213068120676,44961042.5295306,,,,64943320.5810671,25.0061111450195
1339.0047565,0.0005913645007313,5000909.78140061,,,0.0001449424655041,24981082.9685938,0.0001264393169616,34970640.5416807,0.000121302281714,44961040.6317595,,,,64943318.738886,25.0006942749023
1344.0447882,0.0005912678079008,5000910.0975541,,,0.0001448720455394,24981082.7381887,0.0001265290215358,34970643.49771,0.0001210702896365,44961038.6654505,,,,64943303.5282505,24.9916591644287
1349.1047486,0.0005914541992433,5000910.15527687,,,0.0001449918888288,24981082.5417599,0.0001265404957703,34970644.8590576,0.0001211973868904,44961045.905373,,,,64943317.2169112,24.9913787841797
1354.1447675,0.0005911361977908,5000909.89893828,,,0.0001449405164419,24981082.8983439,0.0001264209148195,34970642.8594872,0.0001209310854749,44961042.3438086,,,,64943299.0431702,24.9983692169189
1359.1851239,0.0005912839739799,5000909.90073874,,,0.0001450117186194,24981083.1766439,0.0001266054871431,34970643.9663219,0.000121246094155,44961044.7724175,,,,64943297.5483631,25.0048294067383
1364.2439878,0.0005911707295052,5000909.87213736,,,0.0001450383425104,24981083.4525942,0.0001263869621049,34970643.5247967,0.0001214092172448,44961047.4806071,,,,64943306.1114555,25.0016021728516
1369.2918715,0.0005912153035454,5000910.20313,,,0.0001449696155373,24981084.5290201,0.0001264121510061,34970643.7484603,0.0001212080976642,44961043.9278822,,,,64943317.7518199,24.9921646118164
1374.3355448,0.0005913052736511,5000910.1300148,,,0.0001449642909271,24981083.7838067,0.0001264580104355,34970645.1452854,0.0001211231322766,44961047.9582662,,,,64943285.9941968,24.9962692260742
1379.8329994,0.000591297574524,5000909.95384111,,,0.0001449610619109,24981083.3622945,0.0001264519784534,34970648.2672401,0.0001209332534466,44961047.45703,,,,64943305.0442365,24.9993381500244
1386.0329786,0.0005914747640481,5000909.9826954,,,0.0001449337809193,24981084.3049105,0.0001264842841308,34970645.6556175,0.0001211665887564,44961047.0340054,,,,64943289.7370493,24.9919891357422
1391.0829766,0.0005913892578022,5000909.87913465,,,0.0001450319494125,24981084.1689049,0.0001264266865395,34970646.2890384,0.0001209714629999,44961042.8057565,,,,64943289.5267089,24.9942398071289
1396.1329939,0.0005913130053376,5000910.05480759,,,0.0001448858460779,24981084.3558789,0.0001265056401471,34970647.9495919,0.0001213130947886,44961051.1293406,,,,64943303.2578476,25.0021839141846
1401.24297,0.0005912683464109,5000910.39495871,,,0.0001449392998356,24981084.7335567,0.0001263405026985,34970645.713742,0.0001210002148066,44961044.5874921,,,,64943298.7479953,24.9978122711182
1406.7729653,0.0005912806119895,5000909.67051019,,,0.0001449737630581,24981084.8336298,0.0001265661231748,34970647.1169331,0.0001210400957044,44961051.0490766,,,,64943294.9168851,25.0032348632813
1411.8329627,0.0005910870308484,5000910.00394531,,,0.0001449220047204,24981084.9181199,0.0001263567245952,34970647.8440125,0.0001209855092583,44961046.6894463,,,,64943290.5312555,25.0158348083496
1416.8929598,0.0005911553941685,5000909.56821491,,,0.0001449018216733,24981084.5385421,0.0001265061319962,34970646.32581,0.0001208453318145,44961046.1958503,,,,64943308.8126946,25.0183067321777
1421.9429556,0.0005913702996124,5000909.5929742,,,0.0001449271140204,24981085.4098791,0.0001263393339724,34970645.778784,0.0001211331152121,44961050.908304,,,,64943298.6126328,24.9943752288818
1427.0029527,0.000591221013136,5000910.2114412,,,0.0001450108036436,24981085.5522968,0.0001263336701971,34970647.5608407,0.0001208418611474,44961057.3243256,,,,64943277.8844334,25.0072231292725
1432.0529499,0.0005911468187138,5000909.75904295,,,0.0001449293899142,24981085.0651364,0.0001266062954734,34970645.2846406,0.000120754285937,44961049.5912611,,,,64943305.2835865,24.9912853240967
1437.1129595,0.0005911660321665,5000909.72167275,,,0.0001449701142638,24981085.4771509,0.0001264739939122,34970648.4052769,0.0001210723739118,44961052.2143133,,,,64943294.1468631,25.005989074707
1442.1729421,0.0005912267005337,5000909.80979908,,,0.000144955259987,24981085.6353467,0.0001264598868141,34970647.5624963,0.0001208409566163,44961052.9573304,,,,64943293.7411484,25.0025520324707
1447.7329394,0.0005911102550988,5000909.50669425,,,0.0001448620045608,24981085.8606059,0.0001263374585897,34970649.0189709,0.0001208653051137,44961053.893999,,,,64943279.0637611,24.9972953796387
1452.7929427,0.0005912595573935,5000909.72718368,,,0.0001448983623102,24981086.0589213,0.000126451428707,34970648.8556803,0.0001208208300088,44961050.0977941,,,,64943263.6654615,25.0049419403076
1457.8429332,0.000591302106127,5000909.67743539,,,0.000144921424209,24981085.7965311,0.0001263931828405,34970648.7451622,0.0001208476453577,44961055.6702395,,,,64943285.1986799,24.998405456543
1462.8829285,0.0005911458249343,5000909.97551131,,,0.0001449367592825,24981085.7952913,0.0001263864418443,34970648.6067707,0.0001207642522224,44961057.4930921,,,,64943282.83278,24.9993305206299
1467.9429267,0.0005912141632639,5000909.75618616,,,0.0001449711801951,24981086.1392676,0.0001264054607726,34970649.8609046,0.0001205297848141,44961057.4308748,,,,64943259.207389,25.0166110992432
1472.9947232,0.0005911357083117,5000909.63903437,,,0.0001449449723652,24981086.3771198,0.0001264327267269,34970650.2585427,0.0001209349497055,44961059.7242506,,,,64943280.2988356,24.9987831115723
1478.0540927,0.0005911947690926,5000909.99168312,,,0.0001450038773472,24981086.3746322,0.000126372388405,34970650.0382381,0.0001204133813887,44961060.3933859,,,,64943256.3498107,25.0272026062012
1483.1037909,0.0005910988249185,5000909.909246,,,0.0001449252470085,24981086.5215332,0.0001264247774581,34970648.3950707,0.0001207980639833,44961056.4804309,,,,64943303.0944061,25.0114269256592
1488.1515617,0.0005913130374642,5000909.50122413,,,0.0001450166542211,24981085.8432528,0.0001264766261041,34970650.3397563,0.0001206086048229,44961057.6307688,,,,64943272.0572979,24.9908103942871
1493.2004527,0.0005911521780558,5000909.29206569,,,0.0001449798451691,24981086.3741197,0.0001263153582076,34970649.2695077,0.0001206834096007,44961059.6264571,,,,64943292.4283472,24.9923324584961
1498.2420392,0.0005911352464184,5000909.62313755,,,0.0001449588537674,24981086.2783875,0.0001263257607143,34970650.8211336,0.0001206355936387,44961060.0902172,,,,64943287.32762,24.9882030487061
1503.3019933,0.0005909822415484,5000909.28499558,,,0.0001450221791503,24981086.5184451,0.0001264734351705,34970652.3618165,0.0001205484696174,44961063.6504211,,,,64943276.717521,25.0044765472412
1509.0519892,0.0005915315139114,5000909.66803598,,,0.0001450215792234,24981086.4402472,0.0001264263065679,34970651.1223694,0.0001208459546577,44961059.7489203,,,,64943275.3243958,24.9996566772461
